datetime,open,high,low,close,volume
2026-07-10T00:00:00+00:00,76.03,77.07499999999999,75.29899999999999,76.955,70507.1886877151
2026-07-10T12:00:00+00:00,76.955,77.461,75.24399999999999,75.92799999999998,103201.33930096944
2026-07-13T00:00:00+00:00,75.92799999999998,79.766,75.86299999999999,78.539,70920.07319461444
2026-07-13T12:00:00+00:00,78.539,83.831,78.224,83.18,118527
2026-07-14T00:00:00+00:00,83.18,87.547,83.18,86.02499999999999,150455.28589468368
2026-07-14T12:00:00+00:00,86.02499999999999,87.27199999999999,83.39599999999999,85.34199999999998,136286
2026-07-15T00:00:00+00:00,85.34199999999998,86.55499999999999,84.53999999999999,84.967,98125.12058426099
2026-07-15T12:00:00+00:00,84.967,86.09400000000001,83.337,85.664,120446.90324158166
2026-07-16T00:00:00+00:00,85.664,85.664,83.843,84.779,66762.63090627421
2026-07-16T12:00:00+00:00,84.779,86.264,83.974,84.928,89957
2026-07-17T00:00:00+00:00,84.928,86.088,83.702,86.002,77409.50264363765
2026-07-17T12:00:00+00:00,86.002,88.309,85.892,88.207,82712
2026-07-20T00:00:00+00:00,88.207,88.563,83.631,84.443,94351.09378751501
2026-07-20T12:00:00+00:00,84.443,87.246,84.41199999999999,86.453,95662
2026-07-21T00:00:00+00:00,86.453,88.387,85.366,88.22699999999999,83920.1075473814
2026-07-21T12:00:00+00:00,88.22699999999999,89.48299999999999,87.681,88.956,99037
2026-07-22T00:00:00+00:00,88.956,92.958,88.81599999999999,92.04599999999999,97807.1444464065
2026-07-22T12:00:00+00:00,92.04599999999999,92.44699999999999,90.321,91.40199999999999,88167
2026-07-23T00:00:00+00:00,91.40199999999999,96.58699999999999,91.40199999999999,96.208,112124.06345986671
2026-07-23T12:00:00+00:00,96.208,99.523,96.038,98.06899999999999,135228
2026-07-24T00:00:00+00:00,98.06899999999999,98.71,93.96,94.92999999999999,112363.68647678851
2026-07-24T12:00:00+00:00,94.92999999999999,95.79899999999999,92.68299999999999,95.68999999999998,126651
2026-07-27T00:00:00+00:00,95.68999999999998,95.71299999999998,85.13799999999999,87.12199999999999,56472.088091353995
2026-07-27T12:00:00+00:00,87.12199999999999,88.80799999999998,85.02099999999999,85.28199999999998,81567
2026-07-28T00:00:00+00:00,85.28199999999998,85.663,82.422,84.71799999999999,89554.07973656357
2026-07-28T12:00:00+00:00,84.71799999999999,84.96699999999998,80.112,81.371,120809
2026-07-29T00:00:00+00:00,81.371,86.405,81.371,85.694,90726.73974763407
2026-07-29T12:00:00+00:00,85.694,88.971,85.66000000000001,88.414,107653
2026-07-30T00:00:00+00:00,88.414,91.12100000000001,86.93100000000001,87.46900000000001,111450.65493581232
2026-07-30T12:00:00+00:00,87.46900000000001,88.19900000000001,86.56400000000001,87.275,81824
2026-07-31T00:00:00+00:00,87.275,87.28000000000002,82.34900000000002,86.06000000000002,97276.72442588727
2026-07-31T12:00:00+00:00,86.06000000000002,86.72000000000001,84.80800000000002,85.65800000000002,90264
2026-08-03T00:00:00+00:00,85.65800000000002,85.78400000000002,80.43900000000002,80.69300000000003,92285.9700760363
2026-08-03T12:00:00+00:00,80.69300000000003,82.33900000000003,80.52700000000002,81.39400000000002,95784
2026-08-04T00:00:00+00:00,81.39400000000002,84.13900000000002,78.27800000000002,78.35200000000002,107977.13554801163
2026-08-04T12:00:00+00:00,78.35200000000002,79.89800000000002,76.50300000000003,76.55200000000002,123745
2026-08-05T00:00:00+00:00,76.55200000000002,78.73700000000004,75.90600000000003,77.90700000000002,95963.15801390911
2026-08-05T12:00:00+00:00,77.90700000000002,78.49200000000003,76.10600000000004,77.24700000000003,112875
2026-08-06T00:00:00+00:00,77.24700000000003,78.47100000000003,76.72600000000003,77.96600000000002,70277.67435531942
2026-08-06T12:00:00+00:00,77.96600000000002,81.56800000000003,77.89700000000002,81.36300000000003,86852
2026-08-07T00:00:00+00:00,81.36300000000003,82.23800000000003,79.50300000000003,79.70000000000002,62852.82192858266
2026-08-07T12:00:00+00:00,79.70000000000002,81.65000000000002,79.35500000000002,80.10400000000003,76905
2026-08-10T00:00:00+00:00,80.10400000000003,82.71200000000002,79.93400000000003,82.55800000000002,77479.9174517721
2026-08-10T12:00:00+00:00,82.55800000000002,85.53900000000003,82.32300000000002,85.47900000000003,93550
2026-08-11T00:00:00+00:00,85.47900000000003,87.62400000000002,84.69200000000002,85.16300000000003,100892.83711371594
2026-08-11T12:00:00+00:00,85.16300000000003,86.92200000000003,84.21400000000003,86.57800000000003,103413
2026-08-12T00:00:00+00:00,86.57800000000003,87.66900000000003,85.69300000000003,86.83900000000003,139504.27208153182
2026-08-12T12:00:00+00:00,86.83900000000003,86.96900000000002,85.78200000000002,85.98200000000001,104041.62070099026
2026-08-13T00:00:00+00:00,85.98200000000001,86.662,84.435,85.04200000000002,83110.0793858828
2026-08-13T12:00:00+00:00,85.04200000000002,86.147,83.45,84.561,102456
2026-08-14T00:00:00+00:00,84.561,86.27700000000002,83.99600000000001,84.74000000000001,64439.49526774595
2026-08-14T12:00:00+00:00,84.74000000000001,86.37500000000001,84.12700000000001,86.07000000000001,69188.9086906269
2026-08-17T00:00:00+00:00,86.07000000000001,87.214,85.553,86.322,93193.33066994468
2026-08-17T12:00:00+00:00,86.322,88.727,85.962,88.61800000000001,98333
2026-08-18T00:00:00+00:00,88.61800000000001,89.379,88.16900000000001,88.59400000000001,64857.690136986304
2026-08-18T12:00:00+00:00,88.59400000000001,89.539,88.25800000000001,88.864,80277
2026-08-19T00:00:00+00:00,88.864,89.897,88.681,89.116,108046.89930774072
2026-08-19T12:00:00+00:00,89.116,90.333,87.95700000000001,89.117,105701
2026-08-20T00:00:00+00:00,89.117,91.952,89.043,91.936,94413.14658250975
2026-08-20T12:00:00+00:00,91.936,92.233,90.35600000000001,90.74300000000001,92560
2026-08-21T00:00:00+00:00,90.74300000000001,91.861,90.286,91.46700000000001,73979.88088726831
2026-08-21T12:00:00+00:00,91.46700000000001,92.36300000000001,91.072,91.61200000000001,78569
2026-08-24T00:00:00+00:00,94.045,94.045,92.016,92.981,81363
2026-08-24T12:00:00+00:00,92.981,93.736,91.764,91.981,87819
2026-08-25T00:00:00+00:00,91.981,92.876,88.924,89.019,93676
2026-08-25T12:00:00+00:00,89.019,89.965,86.02199999999999,86.911,95004
2026-08-26T00:00:00+00:00,86.959,87.116,85.404,86.469,83918
2026-08-26T12:00:00+00:00,86.469,89.55900000000001,86.086,87.54100000000001,75992
2026-08-27T00:00:00+00:00,87.446,88.745,86.304,88.56,75511
2026-08-27T12:00:00+00:00,88.56,90.47800000000001,88.214,89.75800000000001,81534
2026-08-28T00:00:00+00:00,89.604,89.604,87.595,87.979,74148
2026-08-28T12:00:00+00:00,87.979,88.381,87.225,88.196,76470
2026-08-31T00:00:00+00:00,88.196,91.494,88.196,90.94,87865
2026-08-31T12:00:00+00:00,90.94,91.274,90.034,90.711,78057
2026-09-01T00:00:00+00:00,90.711,92.491,90.71,92.055,92556
2026-09-01T12:00:00+00:00,92.055,95.411,91.74,95.184,118828
2026-09-02T00:00:00+00:00,95.184,96.974,95.135,95.97,31378
